requirement,pass_rate,success_rate,llm_calls,token_cost,cost_in_time,result,error
give me the number of movies directed by Sofia Coppola,1,0,0,0,12.123841285705566,"{'messages': [AIMessage(content='', additional_kwargs={'refusal': None}, response_metadata={'token_usage': {'completion_tokens': 18, 'prompt_tokens': 588, 'total_tokens': 606, 'completion_tokens_details': {'accepted_prediction_tokens': 0, 'audio_tokens': 0, 'reasoning_tokens': 0, 'rejected_prediction_tokens': 0}, 'prompt_tokens_details': {'audio_tokens': 0, 'cached_tokens': 0}}, 'model_provider': 'openai', 'model_name': 'gpt-4o-2024-08-06', 'system_fingerprint': 'fp_4a331a0222', 'id': 'chatcmpl-Cn6vh26FhHS9RO0MX9waLaRdr9fbt', 'finish_reason': 'tool_calls', 'logprobs': None}, id='lc_run--019b231e-41b1-7ef1-ac79-bd91a9cc8ae6-0', tool_calls=[{'name': 'tmdb_search_movie', 'args': {'q': 'The Matrix'}, 'id': 'call_XrQCu3TBfcGqvNHxUOzpgx7P', 'type': 'tool_call'}], usage_metadata={'input_tokens': 588, 'output_tokens': 18, 'total_tokens': 606, 'input_token_details': {'audio': 0, 'cache_read': 0}, 'output_token_details': {'audio': 0, 'reasoning': 0}}), ToolMessage(content='{""page"": 1, ""results"": [{""adult"": false, ""backdrop_path"": ""/tlm8UkiQsitc8rSuIAscQDCnP8d.jpg"", ""genre_ids"": [28, 878], ""id"": 603, ""original_language"": ""en"", ""original_title"": ""The Matrix"", ""overview"": ""Set in the 22nd century, The Matrix tells the story of a computer hacker who joins a group of underground insurgents fighting the vast and powerful computers who now rule the earth."", ""popularity"": 24.3618, ""poster_path"": ""/p96dm7sCMn4VYAStA6siNz30G1r.jpg"", ""release_date"": ""1999-03-31"", ""title"": ""The Matrix"", ""video"": false, ""vote_average"": 8.236, ""vote_count"": 27084}, {""adult"": false, ""backdrop_path"": null, ""genre_ids"": [], ""id"": 1386216, ""original_language"": ""fr"", ""original_title"": ""The Matrix"", ""overview"": ""A large electronics store welcomes vendors and customers. Cameras are there to show that the company’s slogans are not lies. A manipulation transforms the recordings and instils doubt."", ""popularity"": 0.0629, ""poster_path"": ""/u9Mt7yFDTEqtZ9R6O5Cu3ECSiBV.jpg"", ""release_date"": ""2004-12-27"", ""title"": ""The Matrix"", ""video"": false, ""vote_average"": 0.0, ""vote_count"": 0}, {""adult"": false, ""backdrop_path"": ""/eNI7PtK6DEYgZmHWP9gQNuff8pv.jpg"", ""genre_ids"": [878, 28, 12], ""id"": 624860, ""original_language"": ""en"", ""original_title"": ""The Matrix Resurrections"", ""overview"": ""Plagued by strange memories, Neo\'s life takes an unexpected turn when he finds himself back inside the Matrix."", ""popularity"": 17.0339, ""poster_path"": ""/8c4a8kE7PizaGQQnditMmI1xbRp.jpg"", ""release_date"": ""2021-12-16"", ""title"": ""The Matrix Resurrections"", ""video"": false, ""vote_average"": 6.357, ""vote_count"": 6206}, {""adult"": false, ""backdrop_path"": ""/hgWDZ0UlGEf8LvrAkKt6VqAH0bu.jpg"", ""genre_ids"": [12, 28, 53, 878], ""id"": 604, ""original_language"": ""en"", ""original_title"": ""The Matrix Reloaded"", ""overview"": ""The Resistance builds in numbers as humans are freed from the Matrix and brought to the city of Zion. Neo discovers his superpowers, including the ability to see the code inside the Matrix. With machine sentinels digging to Zion in 72 hours, Neo, Morpheus and Trinity must find the Keymaker to ultimately reach the Source."", ""popularity"": 9.9664, ""poster_path"": ""/aA5qHS0FbSXO8PxcxUIHbDrJyuh.jpg"", ""release_date"": ""2003-05-15"", ""title"": ""The Matrix Reloaded"", ""video"": false, ""vote_average"": 7.068, ""vote_count"": 11574}, {""adult"": false, ""backdrop_path"": ""/kJYPag1YrA4PsXIftFdq3QEaanV.jpg"", ""genre_ids"": [12, 28, 53, 878], ""id"": 605, ""original_language"": ""en"", ""original_title"": ""The Matrix Revolutions"", ""overview"": ""The human city of Zion defends itself against the massive invasion of the machines as Neo fights to end the war at another front while also opposing the rogue Agent Smith."", ""popularity"": 9.519, ""poster_path"": ""/bkkS61w94ZVMNVd8KEyyJl2tnY5.jpg"", ""release_date"": ""2003-11-05"", ""title"": ""The Matrix Revolutions"", ""video"": false, ""vote_average"": 6.747, ""vote_count"": 10452}, {""adult"": false, ""backdrop_path"": ""/rAkhyFHg5WUJpKAUf4MecEFazlp.jpg"", ""genre_ids"": [99], ""id"": 14543, ""original_language"": ""en"", ""original_title"": ""The Matrix Revisited"", ""overview"": ""The film goes behind the scenes of the 1999 sci-fi movie The Matrix."", ""popularity"": 2.8695, ""poster_path"": ""/2LzFTywrUE3EY45fIhYQskiyshl.jpg"", ""release_date"": ""2001-11-19"", ""title"": ""The Matrix Revisited"", ""video"": false, ""vote_average"": 6.8, ""vote_count"": 199}, {""adult"": false, ""backdrop_path"": null, ""genre_ids"": [99], ""id"": 684731, ""original_language"": ""en"", ""original_title"": ""The Matrix Reloaded: Pre-Load"", ""overview"": ""This making-of piece offers the standard mix of movie snippets, behind the scenes materials, and interviews from cast and crew on the making of the film."", ""popularity"": 3.3017, ""poster_path"": null, ""release_date"": ""2003-10-14"", ""title"": ""The Matrix Reloaded: Pre-Load"", ""video"": false, ""vote_average"": 6.1, ""vote_count"": 21}, {""adult"": false, ""backdrop_path"": ""/5nxDn3mrdmeUHJOZi1Wfqya8Vji.jpg"", ""genre_ids"": [99], ""id"": 696109, ""original_language"": ""en"", ""original_title"": ""A Glitch in the Matrix"", ""overview"": ""Are we in fact living in a simulation? This is the question postulated, wrestled with, and ultimately argued for through archival footage, compelling interviews with real people shrouded in digital avatars, and a collection of cases from some of our most iconoclastic figures in contemporary culture."", ""popularity"": 3.6678, ""poster_path"": ""/bn0BLVadmvzq6MmJ0n97MLxGpNQ.jpg"", ""release_date"": ""2021-02-05"", ""title"": ""A Glitch in the Matrix"", ""video"": false, ""vote_average"": 5.3, ""vote_count"": 42}, {""adult"": false, ""backdrop_path"": null, ""genre_ids"": [99, 878], ""id"": 221495, ""original_language"": ""en"", ""original_title"": ""The Matrix Recalibrated"", ""overview"": ""The making of Matrix Revolutions, The (2003) is briefly touched on here in this documentary. Interviews with various cast and crew members inform us how they were affected by the deaths of Gloria Foster and Aaliyah, and also delve into the making of the visual effects that takes up a lot of screen time. Written by Rhyl Donnelly"", ""popularity"": 4.5832, ""poster_path"": ""/gRni1Q651AZPnLqZczmahiIxG0s.jpg"", ""release_date"": ""2004-04-06"", ""title"": ""The Matrix Recalibrated"", ""video"": true, ""vote_average"": 6.769, ""vote_count"": 53}, {""adult"": false, ""backdrop_path"": ""/zLNBAxQ4gVNk5sFfeiqbzI1hWyy.jpg"", ""genre_ids"": [99], ""id"": 684735, ""original_language"": ""en"", ""original_title"": ""Making \'Enter the Matrix\'"", ""overview"": ""A look at Enter the Matrix: The game\'s story picks up just before The Matrix Reloaded and runs parallel to that of the film. Bend the rules of the Matrix with martial arts, pilot the fastest hovercraft in the fleet, or just fight with lots of guns."", ""popularity"": 5.5601, ""poster_path"": ""/9dYkNzrjfVpgABgssYUReQTXGsz.jpg"", ""release_date"": ""2003-10-14"", ""title"": ""Making \'Enter the Matrix\'"", ""video"": false, ""vote_average"": 5.8, ""vote_count"": 8}, {""adult"": false, ""backdrop_path"": null, ""genre_ids"": [99], ""id"": 503880, ""original_language"": ""en"", ""original_title"": ""The Matrix Revolutions Revisited"", ""overview"": ""The making of The Matrix Revolutions:  The cataclysmic final confrontation chronicled through six documentary pods revealing 28 featurettes"", ""popularity"": 2.4202, ""poster_path"": ""/61ASnmqvzpuz9VEfFElo3e2nIft.jpg"", ""release_date"": ""2004-12-07"", ""title"": ""The Matrix Revolutions Revisited"", ""video"": true, ""vote_average"": 7.1, ""vote_count"": 29}, {""adult"": false, ""backdrop_path"": null, ""genre_ids"": [99], ""id"": 591955, ""original_language"": ""en"", ""original_title"": ""The Matrix Reloaded Revisited"", ""overview"": ""The making of The Matrix Reloaded:  Go to the middle movie\'s furthest reaches via five documentary paths revealing 21 featurettes."", ""popularity"": 2.8747, ""poster_path"": ""/gb7C4oRzYWXWCuZMR1cwtHa53Pz.jpg"", ""release_date"": ""2004-12-07"", ""title"": ""The Matrix Reloaded Revisited"", ""video"": true, ""vote_average"": 6.7, ""vote_count"": 28}, {""adult"": false, ""backdrop_path"": null, ""genre_ids"": [99], ""id"": 174615, ""original_language"": ""en"", ""original_title"": ""Return to Source: The Philosophy of The Matrix"", ""overview"": ""An hour long discussion on the philosophical concepts that inspired, and are presented in the trilogy. This is one of the two feature-length documentaries on disc number 8 of the 10-Disc Ultimate Set."", ""popularity"": 1.1888, ""poster_path"": ""/8y6mcZbXxL0IIV4GJJ4whLwApow.jpg"", ""release_date"": ""2004-12-07"", ""title"": ""Return to Source: The Philosophy of The Matrix"", ""video"": false, ""vote_average"": 7.156, ""vote_count"": 16}, {""adult"": false, ""backdrop_path"": ""/2P3FyI9ZTe9duRIGpGPiDC3mQMf.jpg"", ""genre_ids"": [99, 10770], ""id"": 1217455, ""original_language"": ""fr"", ""original_title"": ""Matrix génération"", ""overview"": ""After the 1999 premiere of the first Matrix movie, it became a pop culture phenomenon. A special documentary about the Matrix saga and its prophetic aspects."", ""popularity"": 4.2052, ""poster_path"": ""/53McB8R9RUBxfINRxWaPwUMtL5Q.jpg"", ""release_date"": ""2023-12-13"", ""title"": ""The Matrix: Generation"", ""video"": false, ""vote_average"": 7.0, ""vote_count"": 17}, {""adult"": false, ""backdrop_path"": null, ""genre_ids"": [99], ""id"": 684729, ""original_language"": ""en"", ""original_title"": ""The Matrix Reloaded: Car Chase"", ""overview"": ""This thirty-minute documentary follows the Wachowski sisters and the film\'s crew through production on the film\'s famed highway chase sequence. We get interviews with the visual effects supervisors, the stunt coordinators and even are taken through aspects of pre-production and planning for the scene. Then the documentary moves into production, the scariest aspect of which is certainly Carrie Anne-Moss trying to learn to ride a motorcycle good enough to do so safely without helmet for the scene. We also watch as the stretch of freeway used in the film is being built."", ""popularity"": 4.4713, ""poster_path"": ""/zkpzfTyF7BjadH1PZKlC6kueWXf.jpg"", ""release_date"": ""2004-12-07"", ""title"": ""The Matrix Reloaded: Car Chase"", ""video"": false, ""vote_average"": 7.0, ""vote_count"": 7}, {""adult"": false, ""backdrop_path"": null, ""genre_ids"": [99], ""id"": 408912, ""original_language"": ""en"", ""original_title"": ""The Zionist Matrix of Power"", ""overview"": ""The Zionist Matrix of Power is an amazing video that exposes the real seats of power in the world. It demonstrates the three most important, Media, Finance, and Politics. This video shows the extremists that now dominate this matrix that leads the West the destruction and the World to war and degeneracy."", ""popularity"": 1.3659, ""poster_path"": null, ""release_date"": ""2010-12-18"", ""title"": ""The Zionist Matrix of Power"", ""video"": false, ""vote_average"": 0.0, ""vote_count"": 0}, {""adult"": false, ""backdrop_path"": ""/4FuxMYW1E1LHqSkWov2YwaziID3.jpg"", ""genre_ids"": [99], ""id"": 684431, ""original_language"": ""en"", ""original_title"": ""Making \'The Matrix\'"", ""overview"": ""A promotional making-of documentary for the film Matrix, The (1999) that devotes its time to explaining the digital and practical effects contained in the film. This is very interesting, seeing as how they\'re giving away the cinematic secrets that they created solely for the this movie, that have now been spoofed and referenced in countless other films."", ""popularity"": 6.0082, ""poster_path"": ""/m2yIfRJYwpCgHON1Ig1pNKMWTxp.jpg"", ""release_date"": ""1999-09-21"", ""title"": ""Making \'The Matrix\'"", ""video"": false, ""vote_average"": 7.255, ""vote_count"": 47}, {""adult"": false, ""backdrop_path"": ""/htYaLEQ41N2Ls7mhWvgP8JD21E3.jpg"", ""genre_ids"": [99], ""id"": 505806, ""original_language"": ""en"", ""original_title"": ""A Glitch in the Matrix"", ""overview"": ""In \'A Glitch in the Matrix\', journalist David Fuller analyzes and assesses Dr. Jordan B Peterson\'s recent viral interview with Cathy Newman, unpacking the deeper political, psychological and archetypal levels of the clash."", ""popularity"": 3.831, ""poster_path"": ""/qtbYBuXIYKRaajfrjTR3zp4TuBf.jpg"", ""release_date"": ""2018-02-17"", ""title"": ""A Glitch in the Matrix"", ""video"": false, ""vote_average"": 6.0, ""vote_count"": 2}, {""adult"": false, ""backdrop_path"": null, ""genre_ids"": [99], ""id"": 26214, ""original_language"": ""en"", ""original_title"": ""The American Matrix - Age Of Deception"", ""overview"": ""A shocking new 2 hour film by B.A. Brooks. This 2010 release is a follow up to \\""The Decline And Fall Of America\\"" which was released in 2008. \\""The American Matrix - Age Of Deception\\"" details news items that all people should be aware of such as the economic collapse of The United States and the formation of the a New World Order. See what has really been going on in America today."", ""popularity"": 4.3007, ""poster_path"": null, ""release_date"": ""2010-01-01"", ""title"": ""The American Matrix - Age Of Deception"", ""video"": false, ""vote_average"": 4.4, ""vote_count"": 11}, {""adult"": false, ""backdrop_path"": null, ""genre_ids"": [99], ""id"": 1128583, ""original_language"": ""en"", ""original_title"": ""The Religion Matrix"", ""overview"": ""Explores the various ways humanity is striving to find salvation. Take a journey through the various religions of the world and you will look at your life with a clearer vision."", ""popularity"": 0.166, ""poster_path"": ""/leFJDPvLoJKuzWY8iXFgHuyazgN.jpg"", ""release_date"": ""2021-01-01"", ""title"": ""The Religion Matrix"", ""video"": false, ""vote_average"": 0.0, ""vote_count"": 0}], ""total_pages"": 3, ""total_results"": 59}', name='tmdb_search_movie', id='dfeb3eea-0d53-48b8-ab57-21a8363896a3', tool_call_id='call_XrQCu3TBfcGqvNHxUOzpgx7P'), AIMessage(content='', additional_kwargs={'refusal': None}, response_metadata={'token_usage': {'completion_tokens': 17, 'prompt_tokens': 4300, 'total_tokens': 4317, 'completion_tokens_details': {'accepted_prediction_tokens': 0, 'audio_tokens': 0, 'reasoning_tokens': 0, 'rejected_prediction_tokens': 0}, 'prompt_tokens_details': {'audio_tokens': 0, 'cached_tokens': 4224}}, 'model_provider': 'openai', 'model_name': 'gpt-4o-2024-08-06', 'system_fingerprint': 'fp_4a331a0222', 'id': 'chatcmpl-Cn6vmyxrS3Gb6sMTYzeeNpBrqWGXE', 'finish_reason': 'tool_calls', 'logprobs': None}, id='lc_run--019b231e-4e79-7e92-af1f-4221a87cbf1d-0', tool_calls=[{'name': 'tmdb_movie_details', 'args': {'id': 603}, 'id': 'call_dnvAyooDwB4BgyUL74HuvnCd', 'type': 'tool_call'}], usage_metadata={'input_tokens': 4300, 'output_tokens': 17, 'total_tokens': 4317, 'input_token_details': {'audio': 0, 'cache_read': 4224}, 'output_token_details': {'audio': 0, 'reasoning': 0}}), ToolMessage(content='{""adult"": false, ""backdrop_path"": ""/tlm8UkiQsitc8rSuIAscQDCnP8d.jpg"", ""belongs_to_collection"": {""id"": 2344, ""name"": ""The Matrix Collection"", ""poster_path"": ""/bV9qTVHTVf0gkW0j7p7M0ILD4pG.jpg"", ""backdrop_path"": ""/bRm2DEgUiYciDw3myHuYFInD7la.jpg""}, ""budget"": 63000000, ""genres"": [{""id"": 28, ""name"": ""Action""}, {""id"": 878, ""name"": ""Science Fiction""}], ""homepage"": ""http://www.warnerbros.com/matrix"", ""id"": 603, ""imdb_id"": ""tt0133093"", ""origin_country"": [""US""], ""original_language"": ""en"", ""original_title"": ""The Matrix"", ""overview"": ""Set in the 22nd century, The Matrix tells the story of a computer hacker who joins a group of underground insurgents fighting the vast and powerful computers who now rule the earth."", ""popularity"": 24.3618, ""poster_path"": ""/p96dm7sCMn4VYAStA6siNz30G1r.jpg"", ""production_companies"": [{""id"": 79, ""logo_path"": ""/at4uYdwAAgNRKhZuuFX8ShKSybw.png"", ""name"": ""Village Roadshow Pictures"", ""origin_country"": ""US""}, {""id"": 372, ""logo_path"": null, ""name"": ""Groucho II Film Partnership"", ""origin_country"": """"}, {""id"": 1885, ""logo_path"": ""/xlvoOZr4s1PygosrwZyolIFe5xs.png"", ""name"": ""Silver Pictures"", ""origin_country"": ""US""}, {""id"": 174, ""logo_path"": ""/ingPVoHnINIrFR7WHmYux1f5pES.png"", ""name"": ""Warner Bros. Pictures"", ""origin_country"": ""US""}], ""production_countries"": [{""iso_3166_1"": ""US"", ""name"": ""United States of America""}], ""release_date"": ""1999-03-31"", ""revenue"": 463517383, ""runtime"": 136, ""spoken_languages"": [{""english_name"": ""English"", ""iso_639_1"": ""en"", ""name"": ""English""}], ""status"": ""Released"", ""tagline"": ""Believe the unbelievable."", ""title"": ""The Matrix"", ""video"": false, ""vote_average"": 8.236, ""vote_count"": 27084}', name='tmdb_movie_details', id='3dc88a81-d0ed-4c0f-aae7-9d93a1cdf283', tool_call_id='call_dnvAyooDwB4BgyUL74HuvnCd'), AIMessage(content='**The Matrix (1999)**\n\n- **Overview**: Set in the 22nd century, ""The Matrix"" tells the story of a computer hacker who joins a group of underground insurgents fighting the vast and powerful computers that now rule the earth.\n- **Genres**: Action, Science Fiction\n- **Director**: The Wachowskis\n- **Release Date**: March 31, 1999\n- **Runtime**: 136 minutes\n- **Budget**: $63,000,000\n- **Revenue**: $463,517,383\n- **Production Companies**: Village Roadshow Pictures, Groucho II Film Partnership, Silver Pictures, Warner Bros. Pictures\n- **Language**: English\n- **Tagline**: ""Believe the unbelievable.""\n- **IMDB ID**: [tt0133093](https://www.imdb.com/title/tt0133093/)\n- **Homepage**: [The Matrix Official Site](http://www.warnerbros.com/matrix)\n- **Average Rating**: 8.2/10 (based on 27,084 votes)\n\n![The Matrix Poster](https://image.tmdb.org/t/p/w500/p96dm7sCMn4VYAStA6siNz30G1r.jpg)\n\nThe film is part of [The Matrix Collection](https://www.themoviedb.org/collection/2344-the-matrix-collection).', additional_kwargs={'refusal': None}, response_metadata={'token_usage': {'completion_tokens': 297, 'prompt_tokens': 4902, 'total_tokens': 5199, 'completion_tokens_details': {'accepted_prediction_tokens': 0, 'audio_tokens': 0, 'reasoning_tokens': 0, 'rejected_prediction_tokens': 0}, 'prompt_tokens_details': {'audio_tokens': 0, 'cached_tokens': 4864}}, 'model_provider': 'openai', 'model_name': 'gpt-4o-2024-08-06', 'system_fingerprint': 'fp_4a331a0222', 'id': 'chatcmpl-Cn6vpcYj1kPXHEzKgKSPkTfnEZaFp', 'finish_reason': 'stop', 'logprobs': None}, id='lc_run--019b231e-5d8d-7881-963a-f6adc84aa206-0', usage_metadata={'input_tokens': 4902, 'output_tokens': 297, 'total_tokens': 5199, 'input_token_details': {'audio': 0, 'cache_read': 4864}, 'output_token_details': {'audio': 0, 'reasoning': 0}})]}",
Who was the lead actor in the movie The Dark Knight?,1,0,0,0,6.522195100784302,"{'messages': [AIMessage(content='', additional_kwargs={'refusal': None}, response_metadata={'token_usage': {'completion_tokens': 18, 'prompt_tokens': 588, 'total_tokens': 606, 'completion_tokens_details': {'accepted_prediction_tokens': 0, 'audio_tokens': 0, 'reasoning_tokens': 0, 'rejected_prediction_tokens': 0}, 'prompt_tokens_details': {'audio_tokens': 0, 'cached_tokens': 0}}, 'model_provider': 'openai', 'model_name': 'gpt-4o-2024-08-06', 'system_fingerprint': 'fp_4a331a0222', 'id': 'chatcmpl-Cn6vsFQr4eogPLRcHMIV33yZf0zrU', 'finish_reason': 'tool_calls', 'logprobs': None}, id='lc_run--019b231e-710b-7fe2-ada3-834f0fe95de4-0', tool_calls=[{'name': 'tmdb_search_movie', 'args': {'q': 'The Matrix'}, 'id': 'call_onGk5kjk22MBYd7JJXuwZcGO', 'type': 'tool_call'}], usage_metadata={'input_tokens': 588, 'output_tokens': 18, 'total_tokens': 606, 'input_token_details': {'audio': 0, 'cache_read': 0}, 'output_token_details': {'audio': 0, 'reasoning': 0}}), ToolMessage(content='{""page"": 1, ""results"": [{""adult"": false, ""backdrop_path"": ""/tlm8UkiQsitc8rSuIAscQDCnP8d.jpg"", ""genre_ids"": [28, 878], ""id"": 603, ""original_language"": ""en"", ""original_title"": ""The Matrix"", ""overview"": ""Set in the 22nd century, The Matrix tells the story of a computer hacker who joins a group of underground insurgents fighting the vast and powerful computers who now rule the earth."", ""popularity"": 24.3618, ""poster_path"": ""/p96dm7sCMn4VYAStA6siNz30G1r.jpg"", ""release_date"": ""1999-03-31"", ""title"": ""The Matrix"", ""video"": false, ""vote_average"": 8.236, ""vote_count"": 27084}, {""adult"": false, ""backdrop_path"": null, ""genre_ids"": [], ""id"": 1386216, ""original_language"": ""fr"", ""original_title"": ""The Matrix"", ""overview"": ""A large electronics store welcomes vendors and customers. Cameras are there to show that the company’s slogans are not lies. A manipulation transforms the recordings and instils doubt."", ""popularity"": 0.0629, ""poster_path"": ""/u9Mt7yFDTEqtZ9R6O5Cu3ECSiBV.jpg"", ""release_date"": ""2004-12-27"", ""title"": ""The Matrix"", ""video"": false, ""vote_average"": 0.0, ""vote_count"": 0}, {""adult"": false, ""backdrop_path"": ""/eNI7PtK6DEYgZmHWP9gQNuff8pv.jpg"", ""genre_ids"": [878, 28, 12], ""id"": 624860, ""original_language"": ""en"", ""original_title"": ""The Matrix Resurrections"", ""overview"": ""Plagued by strange memories, Neo\'s life takes an unexpected turn when he finds himself back inside the Matrix."", ""popularity"": 17.0339, ""poster_path"": ""/8c4a8kE7PizaGQQnditMmI1xbRp.jpg"", ""release_date"": ""2021-12-16"", ""title"": ""The Matrix Resurrections"", ""video"": false, ""vote_average"": 6.357, ""vote_count"": 6206}, {""adult"": false, ""backdrop_path"": ""/hgWDZ0UlGEf8LvrAkKt6VqAH0bu.jpg"", ""genre_ids"": [12, 28, 53, 878], ""id"": 604, ""original_language"": ""en"", ""original_title"": ""The Matrix Reloaded"", ""overview"": ""The Resistance builds in numbers as humans are freed from the Matrix and brought to the city of Zion. Neo discovers his superpowers, including the ability to see the code inside the Matrix. With machine sentinels digging to Zion in 72 hours, Neo, Morpheus and Trinity must find the Keymaker to ultimately reach the Source."", ""popularity"": 9.9664, ""poster_path"": ""/aA5qHS0FbSXO8PxcxUIHbDrJyuh.jpg"", ""release_date"": ""2003-05-15"", ""title"": ""The Matrix Reloaded"", ""video"": false, ""vote_average"": 7.068, ""vote_count"": 11574}, {""adult"": false, ""backdrop_path"": ""/kJYPag1YrA4PsXIftFdq3QEaanV.jpg"", ""genre_ids"": [12, 28, 53, 878], ""id"": 605, ""original_language"": ""en"", ""original_title"": ""The Matrix Revolutions"", ""overview"": ""The human city of Zion defends itself against the massive invasion of the machines as Neo fights to end the war at another front while also opposing the rogue Agent Smith."", ""popularity"": 9.519, ""poster_path"": ""/bkkS61w94ZVMNVd8KEyyJl2tnY5.jpg"", ""release_date"": ""2003-11-05"", ""title"": ""The Matrix Revolutions"", ""video"": false, ""vote_average"": 6.747, ""vote_count"": 10452}, {""adult"": false, ""backdrop_path"": ""/rAkhyFHg5WUJpKAUf4MecEFazlp.jpg"", ""genre_ids"": [99], ""id"": 14543, ""original_language"": ""en"", ""original_title"": ""The Matrix Revisited"", ""overview"": ""The film goes behind the scenes of the 1999 sci-fi movie The Matrix."", ""popularity"": 2.8695, ""poster_path"": ""/2LzFTywrUE3EY45fIhYQskiyshl.jpg"", ""release_date"": ""2001-11-19"", ""title"": ""The Matrix Revisited"", ""video"": false, ""vote_average"": 6.8, ""vote_count"": 199}, {""adult"": false, ""backdrop_path"": null, ""genre_ids"": [99], ""id"": 684731, ""original_language"": ""en"", ""original_title"": ""The Matrix Reloaded: Pre-Load"", ""overview"": ""This making-of piece offers the standard mix of movie snippets, behind the scenes materials, and interviews from cast and crew on the making of the film."", ""popularity"": 3.3017, ""poster_path"": null, ""release_date"": ""2003-10-14"", ""title"": ""The Matrix Reloaded: Pre-Load"", ""video"": false, ""vote_average"": 6.1, ""vote_count"": 21}, {""adult"": false, ""backdrop_path"": ""/5nxDn3mrdmeUHJOZi1Wfqya8Vji.jpg"", ""genre_ids"": [99], ""id"": 696109, ""original_language"": ""en"", ""original_title"": ""A Glitch in the Matrix"", ""overview"": ""Are we in fact living in a simulation? This is the question postulated, wrestled with, and ultimately argued for through archival footage, compelling interviews with real people shrouded in digital avatars, and a collection of cases from some of our most iconoclastic figures in contemporary culture."", ""popularity"": 3.6678, ""poster_path"": ""/bn0BLVadmvzq6MmJ0n97MLxGpNQ.jpg"", ""release_date"": ""2021-02-05"", ""title"": ""A Glitch in the Matrix"", ""video"": false, ""vote_average"": 5.3, ""vote_count"": 42}, {""adult"": false, ""backdrop_path"": null, ""genre_ids"": [99, 878], ""id"": 221495, ""original_language"": ""en"", ""original_title"": ""The Matrix Recalibrated"", ""overview"": ""The making of Matrix Revolutions, The (2003) is briefly touched on here in this documentary. Interviews with various cast and crew members inform us how they were affected by the deaths of Gloria Foster and Aaliyah, and also delve into the making of the visual effects that takes up a lot of screen time. Written by Rhyl Donnelly"", ""popularity"": 4.5832, ""poster_path"": ""/gRni1Q651AZPnLqZczmahiIxG0s.jpg"", ""release_date"": ""2004-04-06"", ""title"": ""The Matrix Recalibrated"", ""video"": true, ""vote_average"": 6.769, ""vote_count"": 53}, {""adult"": false, ""backdrop_path"": ""/zLNBAxQ4gVNk5sFfeiqbzI1hWyy.jpg"", ""genre_ids"": [99], ""id"": 684735, ""original_language"": ""en"", ""original_title"": ""Making \'Enter the Matrix\'"", ""overview"": ""A look at Enter the Matrix: The game\'s story picks up just before The Matrix Reloaded and runs parallel to that of the film. Bend the rules of the Matrix with martial arts, pilot the fastest hovercraft in the fleet, or just fight with lots of guns."", ""popularity"": 5.5601, ""poster_path"": ""/9dYkNzrjfVpgABgssYUReQTXGsz.jpg"", ""release_date"": ""2003-10-14"", ""title"": ""Making \'Enter the Matrix\'"", ""video"": false, ""vote_average"": 5.8, ""vote_count"": 8}, {""adult"": false, ""backdrop_path"": null, ""genre_ids"": [99], ""id"": 503880, ""original_language"": ""en"", ""original_title"": ""The Matrix Revolutions Revisited"", ""overview"": ""The making of The Matrix Revolutions:  The cataclysmic final confrontation chronicled through six documentary pods revealing 28 featurettes"", ""popularity"": 2.4202, ""poster_path"": ""/61ASnmqvzpuz9VEfFElo3e2nIft.jpg"", ""release_date"": ""2004-12-07"", ""title"": ""The Matrix Revolutions Revisited"", ""video"": true, ""vote_average"": 7.1, ""vote_count"": 29}, {""adult"": false, ""backdrop_path"": null, ""genre_ids"": [99], ""id"": 591955, ""original_language"": ""en"", ""original_title"": ""The Matrix Reloaded Revisited"", ""overview"": ""The making of The Matrix Reloaded:  Go to the middle movie\'s furthest reaches via five documentary paths revealing 21 featurettes."", ""popularity"": 2.8747, ""poster_path"": ""/gb7C4oRzYWXWCuZMR1cwtHa53Pz.jpg"", ""release_date"": ""2004-12-07"", ""title"": ""The Matrix Reloaded Revisited"", ""video"": true, ""vote_average"": 6.7, ""vote_count"": 28}, {""adult"": false, ""backdrop_path"": null, ""genre_ids"": [99], ""id"": 174615, ""original_language"": ""en"", ""original_title"": ""Return to Source: The Philosophy of The Matrix"", ""overview"": ""An hour long discussion on the philosophical concepts that inspired, and are presented in the trilogy. This is one of the two feature-length documentaries on disc number 8 of the 10-Disc Ultimate Set."", ""popularity"": 1.1888, ""poster_path"": ""/8y6mcZbXxL0IIV4GJJ4whLwApow.jpg"", ""release_date"": ""2004-12-07"", ""title"": ""Return to Source: The Philosophy of The Matrix"", ""video"": false, ""vote_average"": 7.156, ""vote_count"": 16}, {""adult"": false, ""backdrop_path"": ""/2P3FyI9ZTe9duRIGpGPiDC3mQMf.jpg"", ""genre_ids"": [99, 10770], ""id"": 1217455, ""original_language"": ""fr"", ""original_title"": ""Matrix génération"", ""overview"": ""After the 1999 premiere of the first Matrix movie, it became a pop culture phenomenon. A special documentary about the Matrix saga and its prophetic aspects."", ""popularity"": 4.2052, ""poster_path"": ""/53McB8R9RUBxfINRxWaPwUMtL5Q.jpg"", ""release_date"": ""2023-12-13"", ""title"": ""The Matrix: Generation"", ""video"": false, ""vote_average"": 7.0, ""vote_count"": 17}, {""adult"": false, ""backdrop_path"": null, ""genre_ids"": [99], ""id"": 684729, ""original_language"": ""en"", ""original_title"": ""The Matrix Reloaded: Car Chase"", ""overview"": ""This thirty-minute documentary follows the Wachowski sisters and the film\'s crew through production on the film\'s famed highway chase sequence. We get interviews with the visual effects supervisors, the stunt coordinators and even are taken through aspects of pre-production and planning for the scene. Then the documentary moves into production, the scariest aspect of which is certainly Carrie Anne-Moss trying to learn to ride a motorcycle good enough to do so safely without helmet for the scene. We also watch as the stretch of freeway used in the film is being built."", ""popularity"": 4.4713, ""poster_path"": ""/zkpzfTyF7BjadH1PZKlC6kueWXf.jpg"", ""release_date"": ""2004-12-07"", ""title"": ""The Matrix Reloaded: Car Chase"", ""video"": false, ""vote_average"": 7.0, ""vote_count"": 7}, {""adult"": false, ""backdrop_path"": null, ""genre_ids"": [99], ""id"": 408912, ""original_language"": ""en"", ""original_title"": ""The Zionist Matrix of Power"", ""overview"": ""The Zionist Matrix of Power is an amazing video that exposes the real seats of power in the world. It demonstrates the three most important, Media, Finance, and Politics. This video shows the extremists that now dominate this matrix that leads the West the destruction and the World to war and degeneracy."", ""popularity"": 1.3659, ""poster_path"": null, ""release_date"": ""2010-12-18"", ""title"": ""The Zionist Matrix of Power"", ""video"": false, ""vote_average"": 0.0, ""vote_count"": 0}, {""adult"": false, ""backdrop_path"": ""/4FuxMYW1E1LHqSkWov2YwaziID3.jpg"", ""genre_ids"": [99], ""id"": 684431, ""original_language"": ""en"", ""original_title"": ""Making \'The Matrix\'"", ""overview"": ""A promotional making-of documentary for the film Matrix, The (1999) that devotes its time to explaining the digital and practical effects contained in the film. This is very interesting, seeing as how they\'re giving away the cinematic secrets that they created solely for the this movie, that have now been spoofed and referenced in countless other films."", ""popularity"": 6.0082, ""poster_path"": ""/m2yIfRJYwpCgHON1Ig1pNKMWTxp.jpg"", ""release_date"": ""1999-09-21"", ""title"": ""Making \'The Matrix\'"", ""video"": false, ""vote_average"": 7.255, ""vote_count"": 47}, {""adult"": false, ""backdrop_path"": ""/htYaLEQ41N2Ls7mhWvgP8JD21E3.jpg"", ""genre_ids"": [99], ""id"": 505806, ""original_language"": ""en"", ""original_title"": ""A Glitch in the Matrix"", ""overview"": ""In \'A Glitch in the Matrix\', journalist David Fuller analyzes and assesses Dr. Jordan B Peterson\'s recent viral interview with Cathy Newman, unpacking the deeper political, psychological and archetypal levels of the clash."", ""popularity"": 3.831, ""poster_path"": ""/qtbYBuXIYKRaajfrjTR3zp4TuBf.jpg"", ""release_date"": ""2018-02-17"", ""title"": ""A Glitch in the Matrix"", ""video"": false, ""vote_average"": 6.0, ""vote_count"": 2}, {""adult"": false, ""backdrop_path"": null, ""genre_ids"": [99], ""id"": 26214, ""original_language"": ""en"", ""original_title"": ""The American Matrix - Age Of Deception"", ""overview"": ""A shocking new 2 hour film by B.A. Brooks. This 2010 release is a follow up to \\""The Decline And Fall Of America\\"" which was released in 2008. \\""The American Matrix - Age Of Deception\\"" details news items that all people should be aware of such as the economic collapse of The United States and the formation of the a New World Order. See what has really been going on in America today."", ""popularity"": 4.3007, ""poster_path"": null, ""release_date"": ""2010-01-01"", ""title"": ""The American Matrix - Age Of Deception"", ""video"": false, ""vote_average"": 4.4, ""vote_count"": 11}, {""adult"": false, ""backdrop_path"": null, ""genre_ids"": [99], ""id"": 1128583, ""original_language"": ""en"", ""original_title"": ""The Religion Matrix"", ""overview"": ""Explores the various ways humanity is striving to find salvation. Take a journey through the various religions of the world and you will look at your life with a clearer vision."", ""popularity"": 0.166, ""poster_path"": ""/leFJDPvLoJKuzWY8iXFgHuyazgN.jpg"", ""release_date"": ""2021-01-01"", ""title"": ""The Religion Matrix"", ""video"": false, ""vote_average"": 0.0, ""vote_count"": 0}], ""total_pages"": 3, ""total_results"": 59}', name='tmdb_search_movie', id='09ac8328-48f7-470a-afe7-4f5bbacefa9d', tool_call_id='call_onGk5kjk22MBYd7JJXuwZcGO'), AIMessage(content='', additional_kwargs={'refusal': None}, response_metadata={'token_usage': {'completion_tokens': 17, 'prompt_tokens': 4300, 'total_tokens': 4317, 'completion_tokens_details': {'accepted_prediction_tokens': 0, 'audio_tokens': 0, 'reasoning_tokens': 0, 'rejected_prediction_tokens': 0}, 'prompt_tokens_details': {'audio_tokens': 0, 'cached_tokens': 4224}}, 'model_provider': 'openai', 'model_name': 'gpt-4o-2024-08-06', 'system_fingerprint': 'fp_4a331a0222', 'id': 'chatcmpl-Cn6vuc7pCC5TcqdXVchpZrBenLvsq', 'finish_reason': 'tool_calls', 'logprobs': None}, id='lc_run--019b231e-7792-7501-8153-fd7035de0f29-0', tool_calls=[{'name': 'tmdb_movie_details', 'args': {'id': 603}, 'id': 'call_yx4Uoc3Eb8eJN8WSWXQKoRyZ', 'type': 'tool_call'}], usage_metadata={'input_tokens': 4300, 'output_tokens': 17, 'total_tokens': 4317, 'input_token_details': {'audio': 0, 'cache_read': 4224}, 'output_token_details': {'audio': 0, 'reasoning': 0}}), ToolMessage(content='{""adult"": false, ""backdrop_path"": ""/tlm8UkiQsitc8rSuIAscQDCnP8d.jpg"", ""belongs_to_collection"": {""id"": 2344, ""name"": ""The Matrix Collection"", ""poster_path"": ""/bV9qTVHTVf0gkW0j7p7M0ILD4pG.jpg"", ""backdrop_path"": ""/bRm2DEgUiYciDw3myHuYFInD7la.jpg""}, ""budget"": 63000000, ""genres"": [{""id"": 28, ""name"": ""Action""}, {""id"": 878, ""name"": ""Science Fiction""}], ""homepage"": ""http://www.warnerbros.com/matrix"", ""id"": 603, ""imdb_id"": ""tt0133093"", ""origin_country"": [""US""], ""original_language"": ""en"", ""original_title"": ""The Matrix"", ""overview"": ""Set in the 22nd century, The Matrix tells the story of a computer hacker who joins a group of underground insurgents fighting the vast and powerful computers who now rule the earth."", ""popularity"": 24.3618, ""poster_path"": ""/p96dm7sCMn4VYAStA6siNz30G1r.jpg"", ""production_companies"": [{""id"": 79, ""logo_path"": ""/at4uYdwAAgNRKhZuuFX8ShKSybw.png"", ""name"": ""Village Roadshow Pictures"", ""origin_country"": ""US""}, {""id"": 372, ""logo_path"": null, ""name"": ""Groucho II Film Partnership"", ""origin_country"": """"}, {""id"": 1885, ""logo_path"": ""/xlvoOZr4s1PygosrwZyolIFe5xs.png"", ""name"": ""Silver Pictures"", ""origin_country"": ""US""}, {""id"": 174, ""logo_path"": ""/ingPVoHnINIrFR7WHmYux1f5pES.png"", ""name"": ""Warner Bros. Pictures"", ""origin_country"": ""US""}], ""production_countries"": [{""iso_3166_1"": ""US"", ""name"": ""United States of America""}], ""release_date"": ""1999-03-31"", ""revenue"": 463517383, ""runtime"": 136, ""spoken_languages"": [{""english_name"": ""English"", ""iso_639_1"": ""en"", ""name"": ""English""}], ""status"": ""Released"", ""tagline"": ""Believe the unbelievable."", ""title"": ""The Matrix"", ""video"": false, ""vote_average"": 8.236, ""vote_count"": 27084}', name='tmdb_movie_details', id='46fd8f1a-ae8b-4bbf-8dcb-5d2f81d00d21', tool_call_id='call_yx4Uoc3Eb8eJN8WSWXQKoRyZ'), AIMessage(content='**The Matrix (1999)**\n\n- **Overview**: Set in the 22nd century, ""The Matrix"" tells the story of a computer hacker who joins a group of underground insurgents fighting the vast and powerful computers that now rule the earth.\n- **Genres**: Action, Science Fiction\n- **Director**: The Wachowskis\n- **Release Date**: March 31, 1999\n- **Runtime**: 136 minutes\n- **Budget**: $63,000,000\n- **Revenue**: $463,517,383\n- **Production Companies**: \n  - Village Roadshow Pictures\n  - Groucho II Film Partnership\n  - Silver Pictures\n  - Warner Bros. Pictures\n- **Languages**: English\n- **Tagline**: ""Believe the unbelievable.""\n- **IMDB ID**: [tt0133093](https://www.imdb.com/title/tt0133093/)\n- **Homepage**: [The Matrix Official Site](http://www.warnerbros.com/matrix)\n- **Average Rating**: 8.24 (based on 27,084 votes)\n\n![The Matrix Poster](https://image.tmdb.org/t/p/w500/p96dm7sCMn4VYAStA6siNz30G1r.jpg)\n\nThe film is part of [The Matrix Collection](https://www.themoviedb.org/collection/2344-the-matrix-collection).', additional_kwargs={'refusal': None}, response_metadata={'token_usage': {'completion_tokens': 304, 'prompt_tokens': 4902, 'total_tokens': 5206, 'completion_tokens_details': {'accepted_prediction_tokens': 0, 'audio_tokens': 0, 'reasoning_tokens': 0, 'rejected_prediction_tokens': 0}, 'prompt_tokens_details': {'audio_tokens': 0, 'cached_tokens': 4864}}, 'model_provider': 'openai', 'model_name': 'gpt-4o-2024-08-06', 'system_fingerprint': 'fp_4a331a0222', 'id': 'chatcmpl-Cn6vv6rzzDD8XEhNkgtauyQv660yy', 'finish_reason': 'stop', 'logprobs': None}, id='lc_run--019b231e-7cf5-7c43-8df5-855a3e0d9fc3-0', usage_metadata={'input_tokens': 4902, 'output_tokens': 304, 'total_tokens': 5206, 'input_token_details': {'audio': 0, 'cache_read': 4864}, 'output_token_details': {'audio': 0, 'reasoning': 0}})]}",
Who directed the top-1 rated movie?,1,0,0,0,1.0337352752685547,"{'messages': [AIMessage(content='What can I assist you with today?', additional_kwargs={'refusal': None}, response_metadata={'token_usage': {'completion_tokens': 10, 'prompt_tokens': 588, 'total_tokens': 598, 'completion_tokens_details': {'accepted_prediction_tokens': 0, 'audio_tokens': 0, 'reasoning_tokens': 0, 'rejected_prediction_tokens': 0}, 'prompt_tokens_details': {'audio_tokens': 0, 'cached_tokens': 0}}, 'model_provider': 'openai', 'model_name': 'gpt-4o-2024-08-06', 'system_fingerprint': 'fp_4a331a0222', 'id': 'chatcmpl-Cn6vzOXEvh1QAOwRVMDYPR3i7yL9i', 'finish_reason': 'stop', 'logprobs': None}, id='lc_run--019b231e-8a87-7cf2-9ae7-0ec03a843fc5-0', usage_metadata={'input_tokens': 588, 'output_tokens': 10, 'total_tokens': 598, 'input_token_details': {'audio': 0, 'cache_read': 0}, 'output_token_details': {'audio': 0, 'reasoning': 0}})]}",
give me the number of movies directed by Sofia Coppola,0,0,0,0,2.941312313079834,,
Who was the lead actor in the movie The Dark Knight?,0,0,0,0,2.0826303958892822,,
give me the number of movies directed by Sofia Coppola,0,0,0,0,8.482483386993408,,
Who was the lead actor in the movie The Dark Knight?,1,0,1,4,4.016987562179565,Christian Bale,
give me the number of movies directed by Sofia Coppola,1,0,1,1,3.9950485229492188,15,
Who was the lead actor in the movie The Dark Knight?,1,0,1,4,4.728281259536743,Christian Bale,
